{
  "ace": true,
  "alertify-js": true,
  "animsition": true,
  "asbreadcrumbs": true,
  "ascolorpicker": true,
  "aspaginator": true,
  "aspieprogress": true,
  "asprogress": true,
  "asrange": true,
  "asscrollable": true,
  "asspinner": true,
  "bootbox": true,
  "bootstrap-datepicker": true,
  "bootstrap-maxlength": true,
  "bootstrap-select": true,
  "bootstrap-sweetalert": true,
  "bootstrap-tagsinput": true,
  "bootstrap-tokenfield": true,
  "bootstrap-touchspin": true,
  "bootstrap-treeview": true,
  "buttons": true,
  "card": true,
  "clockpicker": true,
  "datatables": true,
  "editable-table": true,
  "formatter-js": true,
  "gauge-js": true,
  "gmaps": true,
  "gridstack": true,
  "html5sortable": true,
  "icheck": true,
  "jquery-appear": true,
  "jquery-floatthead": true,
  "jquery-knob": true,
  "jquery-labelauty": true,
  "jquery-placeholder": true,
  "jquery-strength": true,
  "jquery-wizard": true,
  "jt-timepicker": true,
  "jvectormap": true,
  "ladda-bootstrap": true,
  "magnific-popup": true,
  "masonry": true,
  "matchheight": true,
  "multi-select": true,
  "material": true,
  "nestable": true,
  "nprogress": true,
  "owl-carousel": true,
  "panel": true,
  "peity": true,
  "plyr": true,
  "raty": true,
  "select2": true,
  "slidepanel": true,
  "summernote": true,
  "switchery": true,
  "tabs": true,
  "tasklist": true,
  "toastr": true,
  "toolbar": true,
  "webui-popover": true
}
